1088,1010,1021,1100,401,399,463,463
1085,1009,1020,1099,371,368,429,431
1073,994,1004,1087,370,369,432,432
1071,993,1003,1085,370,369,432,432
1087,1010,1020,1099,384,381,445,446
1052,973,982,1064,392,392,455,455
1052,973,981,1064,379,379,442,442
1086,1008,1018,1098,389,386,450,451
1097,1021,1032,1111,376,371,435,437
1074,996,1005,1086,374,372,435,436
1106,1030,1040,1118,387,381,447,450
1090,1013,1022,1103,376,372,435,437
1088,1011,1020,1099,392,388,452,454
1080,1005,1013,1092,384,380,443,445
1060,984,992,1070,403,402,464,465
1052,974,982,1063,393,391,454,456
1031,952,960,1042,412,410,476,478
1062,982,991,1074,396,391,455,458
1060,981,990,1071,396,392,457,459
1047,965,973,1057,410,407,474,476
1058,978,987,1069,399,394,458,461
1060,979,988,1070,415,411,478,479
1060,978,987,1070,419,415,481,482
1043,961,969,1053,421,420,487,487
1056,975,983,1068,407,404,469,470
1061,978,986,1071,419,417,483,484
1058,976,984,1070,404,401,466,467
1026,942,949,1037,392,392,457,457
1037,955,963,1050,390,389,454,454
1035,952,960,1048,392,391,456,456
1052,970,980,1065,400,398,466,466
1060,976,986,1072,412,411,480,478
1074,991,1001,1087,401,398,466,466
1053,965,975,1064,431,431,502,500
1047,960,969,1059,400,400,468,467
1063,978,988,1076,395,395,462,461
1070,983,993,1082,404,405,475,472
1054,967,976,1068,379,380,448,446
1046,957,967,1058,392,394,463,461
1052,963,971,1064,390,391,461,460
1071,981,990,1083,384,384,453,452
1085,996,1005,1098,367,366,433,432
1092,1001,1011,1105,371,371,442,440
1096,1004,1014,1109,367,367,440,439
1087,994,1003,1099,368,368,442,440
1088,994,1003,1101,355,356,429,427
1106,1011,1021,1119,368,367,443,442
1105,1010,1020,1118,370,368,444,444
1110,1017,1026,1124,354,350,424,426
1114,1018,1026,1126,374,371,449,449
1098,1002,1010,1110,375,374,452,451
1096,999,1007,1107,390,388,468,468
1075,977,984,1086,364,363,441,441
1090,991,998,1101,374,372,451,452
1076,976,983,1087,359,357,434,435
1078,976,983,1088,366,364,445,446
1089,988,994,1100,350,346,426,428
1072,972,978,1080,370,368,452,453
1074,978,983,1083,354,349,433,435
1049,950,955,1056,364,361,446,448
1066,969,974,1074,353,345,431,435
1032,931,934,1038,355,349,434,439
1041,938,940,1048,348,340,425,431
1022,917,919,1027,378,372,458,463
1032,929,931,1038,363,355,438,444
1029,924,927,1036,374,366,449,455
1029,926,929,1037,371,363,448,454
1049,945,947,1055,393,382,469,477
1041,937,938,1048,385,375,462,470
1047,941,943,1053,399,389,480,488
1037,930,929,1042,393,383,471,480
1034,927,926,1038,398,389,477,486
1044,937,936,1048,416,405,496,505
1025,916,914,1027,431,422,514,523
1023,914,912,1027,409,399,492,501
1009,899,898,1014,407,399,491,499
1025,914,914,1030,406,398,492,500
1027,916,915,1033,399,390,484,491
1038,926,927,1044,422,413,510,517
1023,912,912,1028,414,406,501,507
1029,917,918,1034,428,420,519,524
1038,925,926,1046,419,410,508,514
1038,926,928,1046,419,410,508,514
1028,914,916,1036,415,408,506,511
1038,924,927,1046,415,409,508,511
1023,909,911,1032,405,400,497,500
1022,906,909,1030,427,422,523,525
1020,903,906,1029,418,414,514,517
1023,906,911,1031,439,436,538,539
1026,908,913,1035,415,411,511,513
1028,913,916,1038,402,398,495,497
1032,915,919,1042,405,401,501,502
1035,917,921,1045,400,396,497,498
1040,922,926,1049,406,402,502,505
1042,924,928,1051,399,396,499,500
1058,939,944,1067,397,391,496,498
1062,942,947,1071,408,403,510,511
1052,933,938,1062,387,382,487,490
1069,949,953,1078,401,396,502,504
1059,938,942,1068,392,387,494,496
1064,944,947,1072,401,395,501,504
1070,952,956,1077,407,401,509,512
1068,954,955,1075,390,385,492,495
1095,978,980,1102,379,372,481,485
1118,998,998,1123,399,390,498,505
1107,986,985,1109,420,411,519,525
1075,955,951,1075,418,410,514,522
1093,978,971,1090,441,427,529,541
1091,974,970,1093,448,436,537,546
1072,954,950,1072,477,466,568,577
1077,959,955,1079,476,464,566,575
1091,974,965,1087,525,506,613,628
1082,964,955,1079,514,494,602,618
1047,928,916,1040,531,514,628,644
1071,957,945,1065,523,505,617,634
1071,957,944,1063,530,512,625,642
1089,976,963,1081,516,498,607,624
1092,976,961,1082,506,489,598,616
1118,998,983,1108,505,484,596,617
1137,1018,1002,1127,508,486,601,622
1129,1008,992,1117,523,501,615,637
1139,1017,998,1126,519,496,610,634
1154,1032,1013,1141,528,503,619,643
1152,1029,1009,1137,539,514,631,656
1131,1013,994,1117,526,504,615,639
1157,1041,1023,1143,524,501,614,637
1158,1042,1022,1141,528,506,623,647
1202,1086,1066,1187,529,503,623,647
1219,1099,1079,1205,525,498,615,641
1220,1096,1075,1203,550,522,635,661
1184,1062,1040,1165,562,537,651,677
1181,1057,1034,1161,569,543,660,687
1200,1079,1053,1178,587,559,676,704
1194,1072,1046,1172,591,561,681,710
1187,1069,1041,1163,591,562,681,710
1167,1049,1020,1141,588,558,676,705
1142,1026,997,1117,583,555,671,700
1139,1025,995,1113,595,565,680,710
1129,1021,992,1103,610,582,692,719
1101,996,967,1078,593,566,672,698
1058,953,924,1034,615,590,690,717
1064,957,931,1041,677,649,748,774
1064,957,931,1041,677,649,748,774
1064,957,931,1041,677,649,748,774
1064,957,931,1041,677,649,748,774
1031,916,889,1008,820,786,894,922
1004,888,858,979,812,779,891,923
1001,886,854,974,842,809,926,958
986,871,838,957,842,811,932,965
1009,897,863,979,854,822,947,978
1003,892,858,974,838,807,924,958
1038,922,889,1010,828,794,910,944
1072,956,925,1047,828,794,905,938
1070,953,922,1043,816,781,893,928
1078,958,923,1049,785,749,870,907
1077,955,918,1045,790,754,882,919
1089,966,930,1058,803,766,892,929
1070,946,911,1038,817,782,907,944
1089,967,932,1059,821,785,915,951
1095,973,939,1066,823,787,915,951
1093,968,933,1062,812,777,903,940
1109,985,950,1078,827,790,916,952
1105,980,948,1076,794,758,877,912
1104,979,945,1074,775,740,865,900
1105,981,945,1075,755,720,850,885
1085,958,922,1054,754,720,852,887
1085,955,921,1054,779,745,880,914
1103,974,940,1073,771,737,874,907
1092,962,930,1063,761,729,863,895
1081,951,918,1051,750,718,851,883
1076,946,913,1046,744,714,849,881
1055,924,892,1025,752,723,856,887
1066,938,908,1041,743,715,844,873
1064,934,905,1038,774,746,875,903
1037,904,877,1010,804,777,909,938
1038,909,880,1013,793,767,897,924
1042,911,882,1017,809,783,917,943
1036,905,877,1011,813,787,924,950
1035,906,879,1010,834,809,946,970
1013,883,855,989,805,781,918,943
1028,897,871,1006,823,799,936,958
1027,895,870,1006,816,793,928,950
1030,896,876,1011,834,814,947,966
1036,903,882,1018,811,791,927,944
1023,888,868,1004,814,796,935,953
1010,882,862,994,795,778,907,924
964,850,832,949,823,813,930,942
964,850,832,949,823,813,930,942
964,850,832,949,823,813,930,942
841,734,715,829,889,884,994,1000
841,734,715,829,889,884,994,1000
841,734,715,829,889,884,994,1000
841,734,715,829,889,884,994,1000
860,729,733,865,966,973,1099,1087
865,733,740,871,957,968,1101,1086
863,731,740,874,914,927,1061,1043
886,756,770,901,904,920,1052,1029
882,755,773,899,911,931,1063,1037
851,728,751,874,892,916,1050,1024
862,739,765,890,867,894,1030,1000
880,750,777,910,843,873,1011,977
889,755,787,919,878,913,1051,1014
873,743,774,908,825,861,998,958
864,733,766,900,844,883,1020,979
862,731,766,900,845,887,1024,980
892,760,800,930,868,911,1045,998
892,765,807,934,859,904,1037,989
880,751,794,924,836,883,1017,966
871,744,789,917,846,895,1026,975
884,761,809,933,854,902,1034,983
893,771,820,943,831,880,1011,958
912,791,843,963,854,905,1035,982
916,803,855,968,838,886,1013,963
924,813,867,979,816,865,994,943
950,841,896,1007,796,846,973,920
972,861,917,1027,821,873,996,943
983,868,923,1040,769,823,945,888
999,877,935,1057,767,825,951,890
964,844,901,1024,767,827,953,892
1000,880,941,1061,760,821,947,882
990,871,931,1051,756,817,941,877
976,858,918,1038,752,814,938,872
962,846,905,1025,747,808,931,866
975,862,923,1037,764,825,948,884
971,858,920,1034,758,819,941,875
958,844,906,1022,742,804,922,854
948,833,897,1012,766,831,948,879
934,821,885,1000,747,814,930,859
941,827,893,1008,752,818,935,864
930,817,884,997,762,829,947,876
934,822,889,1002,754,823,936,863
906,804,866,969,817,883,991,925
869,774,832,932,805,871,976,908
883,780,842,949,821,889,998,926
883,782,849,952,840,909,1020,948
894,788,859,966,828,901,1010,932
909,802,874,980,845,919,1027,948
926,821,894,996,845,921,1025,944
906,806,879,978,839,915,1015,936
931,830,905,1002,818,896,995,912
903,804,882,978,784,860,960,878
906,806,890,986,797,880,981,895
892,792,878,975,787,872,971,882
889,794,883,976,819,907,1002,915
909,820,913,999,809,900,991,900
903,815,909,996,776,869,960,865
918,829,925,1010,756,850,939,842
917,832,926,1008,745,836,922,827
927,843,939,1018,728,820,904,809
923,840,938,1017,713,808,891,793
919,836,938,1016,702,798,881,782
906,826,929,1006,695,791,874,774
916,836,940,1016,711,812,892,790
918,836,941,1020,705,808,889,784
929,851,958,1032,696,799,877,773
922,846,953,1024,664,763,840,737
899,820,928,1004,664,768,845,737
890,812,921,996,653,756,833,724
918,842,951,1022,664,769,843,735
892,816,925,997,642,747,819,709
900,826,935,1005,646,753,823,713
882,811,922,990,647,751,820,712
897,826,937,1003,645,752,819,710
888,820,931,995,655,762,827,719
877,811,922,985,651,756,821,715
885,816,924,988,608,715,777,667
869,802,913,976,618,725,787,678
864,798,911,974,613,722,785,674
837,773,883,946,616,725,787,674
871,807,918,979,613,719,780,671
854,790,900,963,627,735,796,685
868,804,914,974,596,699,760,652
866,802,912,974,615,720,782,674
879,817,929,987,625,728,789,684
855,793,904,963,628,732,792,685
860,797,906,966,622,727,785,677
866,805,916,974,640,749,805,695
873,813,925,979,615,721,777,669
837,776,887,945,619,726,782,671
834,775,889,944,629,737,791,681
806,749,863,918,632,739,793,682
808,752,868,922,629,738,791,678
831,776,894,945,639,752,802,688
802,748,867,917,630,743,793,676
814,761,881,928,614,726,773,657
822,774,896,938,626,740,784,668
835,790,911,951,636,753,792,677
817,776,900,939,668,789,825,705
766,728,849,886,662,784,819,695
778,746,864,898,691,814,846,722
803,771,891,919,650,771,799,675
797,768,890,917,686,807,835,711
828,801,923,947,678,801,825,701
831,804,932,955,686,812,836,709
823,797,924,946,688,814,837,708
856,834,961,981,717,845,865,738
834,813,941,959,713,841,860,730
836,816,944,962,717,844,862,734
839,821,951,965,708,836,851,722
837,820,949,963,713,839,852,724
875,861,990,998,697,823,832,709
860,847,977,984,690,814,822,700
841,829,959,966,709,834,841,715
868,862,986,991,732,853,856,738
859,857,983,982,707,825,822,706
872,870,996,994,680,800,799,681
869,864,989,991,671,791,791,674
866,867,991,984,636,752,747,634
846,848,974,968,653,771,764,648
827,831,959,951,645,761,753,638
862,870,992,983,657,777,766,649
847,854,980,970,628,750,740,620
817,824,950,940,634,754,743,623
837,845,970,957,613,731,720,604
833,841,967,955,622,744,731,612
799,809,934,920,630,750,736,615
810,823,949,934,639,761,744,624
811,826,951,933,638,760,743,622
806,821,947,929,630,749,730,612
799,813,934,915,624,741,720,604
791,807,927,906,641,760,738,620
769,786,904,882,627,743,719,605
764,784,907,883,660,777,751,635
750,772,894,868,656,773,745,629
787,814,937,907,662,780,748,635
800,831,951,919,661,778,743,632
787,821,939,907,709,824,786,674
808,846,959,922,668,783,744,633
794,836,948,907,675,791,750,636
784,828,942,898,670,787,743,628
798,842,960,915,647,762,714,603
779,825,944,896,675,786,736,626
793,843,958,908,691,802,750,640
822,874,985,935,699,805,751,647
834,889,992,938,715,821,769,664
841,896,1001,946,711,817,763,658
859,915,1025,968,704,811,754,649
870,929,1035,976,705,813,756,650
859,916,1025,965,694,800,740,637
884,942,1050,993,729,834,774,671
901,960,1068,1008,723,829,768,665
902,963,1071,1009,709,817,754,650
926,987,1090,1030,699,804,744,643
934,992,1090,1034,716,813,756,661
950,1005,1102,1048,667,759,701,614
931,986,1088,1034,669,759,699,611
938,1000,1097,1037,618,716,656,563
899,963,1067,1002,622,722,657,559
902,966,1072,1007,603,703,638,541
922,989,1093,1027,610,713,648,548
892,957,1058,992,615,717,653,554
884,949,1051,985,623,724,660,561
875,940,1044,978,626,725,659,563
874,938,1041,975,611,707,641,548
886,953,1053,987,628,723,655,562
892,960,1058,992,590,683,616,527
890,959,1057,991,611,704,634,543
861,931,1030,961,581,673,602,513
863,933,1029,960,578,670,600,512
826,896,991,920,556,646,576,491
810,883,974,900,546,636,566,482
793,870,960,884,580,669,595,510
779,855,948,871,557,644,566,486
785,867,958,878,558,645,564,482
737,821,914,830,566,653,569,486
753,841,932,846,597,684,598,512
750,841,928,838,586,670,581,501
733,824,910,819,594,677,586,507
749,840,924,834,616,695,601,525
753,846,927,836,627,705,611,535
754,847,926,834,626,702,608,535
743,837,915,821,656,732,638,564
734,829,907,811,645,720,622,553
750,849,924,826,678,751,654,583
731,831,906,806,680,753,652,583
739,841,917,814,713,784,682,612
768,873,943,841,708,776,672,605
764,871,940,835,728,794,690,624
786,894,960,855,698,764,662,597
779,887,952,846,700,764,660,597
783,890,954,848,717,778,675,613
802,910,971,863,723,783,682,621
825,934,992,885,705,764,666,605
815,924,985,877,693,753,650,590
820,930,990,883,657,718,613,555
855,967,1024,917,651,711,607,548
848,960,1017,908,653,711,607,550
851,963,1019,910,663,721,619,561
856,969,1024,913,652,708,606,550
867,977,1034,927,639,694,588,532
845,955,1013,906,628,683,577,522
848,955,1010,906,618,673,569,516
843,953,1004,898,637,693,596,540
807,916,969,861,671,726,628,573
805,914,968,861,678,732,631,576
806,913,967,864,658,712,610,558
756,866,923,816,656,711,603,552
752,862,917,810,639,692,586,538
760,874,926,816,665,717,608,558
784,899,945,835,661,711,608,559
777,891,935,824,714,762,661,612
731,845,891,778,735,780,673,629
764,878,919,810,740,783,674,632
736,850,890,778,747,788,681,642
760,873,913,803,786,825,713,674
761,870,909,802,790,827,712,677
778,885,922,818,800,835,719,685
822,927,963,860,823,856,742,707
843,949,983,880,829,862,746,713
853,960,993,890,796,829,714,681
859,970,1002,894,809,842,728,695
893,1005,1034,927,803,835,722,690
888,1002,1032,921,830,861,745,713
892,1006,1035,924,812,844,727,697
915,1032,1059,946,811,842,727,696
891,1009,1037,921,832,863,748,717
924,1041,1068,955,837,868,753,722
899,1017,1044,930,826,857,741,711
918,1036,1063,950,818,849,736,705
907,1024,1052,939,808,840,727,696
917,1032,1061,949,825,857,745,712
914,1027,1055,945,813,845,735,704
939,1052,1076,969,779,811,708,677
929,1045,1072,961,794,828,722,690
946,1061,1089,978,793,828,723,688
946,1061,1087,977,761,796,695,661
957,1071,1098,988,764,799,703,668
951,1064,1093,982,744,780,680,645
952,1061,1092,986,736,773,670,634
948,1054,1084,982,721,757,659,624
946,1051,1082,982,699,735,635,601
938,1041,1075,974,715,751,647,612
947,1052,1082,982,706,742,642,605
909,1017,1048,943,687,725,627,591
936,1045,1072,969,660,698,606,569
942,1050,1077,972,691,726,643,606
923,1032,1059,953,629,667,581,544
935,1044,1074,969,630,668,574,536
939,1046,1076,974,602,640,548,511
970,1074,1101,1003,602,639,546,509
979,1083,1110,1011,628,665,577,539
980,1083,1111,1013,642,680,594,555
969,1071,1100,1001,666,705,622,583
948,1047,1077,982,671,709,623,586
924,1024,1057,961,669,707,617,579
942,1040,1070,976,659,698,613,574
951,1051,1077,983,653,691,612,573
969,1068,1093,998,646,682,607,568
967,1067,1095,998,646,682,602,563
956,1058,1087,988,607,645,561,523
960,1062,1090,992,626,662,576,538
936,1039,1068,969,603,640,553,517
948,1049,1077,980,612,649,562,526
946,1047,1073,977,590,626,542,506
960,1061,1087,990,597,634,550,513
963,1063,1088,993,589,626,546,509
965,1065,1089,993,578,613,536,500
956,1055,1080,985,582,617,535,500
981,1080,1102,1009,566,601,520,483
978,1075,1098,1006,572,607,527,491
980,1077,1099,1007,553,588,509,474
977,1073,1097,1005,568,604,525,490
969,1065,1088,996,566,601,523,489
989,1082,1102,1014,583,617,545,510
993,1086,1105,1017,598,632,564,529
1004,1095,1113,1027,607,642,573,538
1008,1099,1116,1031,621,656,589,554
1005,1094,1115,1030,648,683,610,576
987,1079,1101,1013,656,691,616,582
1005,1096,1117,1031,645,680,608,574
1026,1115,1136,1050,652,686,617,583
1029,1117,1136,1051,649,682,620,587
1029,1117,1136,1051,649,682,620,587
1029,1117,1136,1051,649,682,620,587
1049,1140,1159,1070,604,640,582,546
1073,1163,1181,1095,565,602,544,507
        1056,1145,1164,1079,589,625,561,525
1048,1138,1157,1072,565,601,540,505
1064,1153,1172,1087,565,600,538,503
1057,1146,1166,1081,565,600,537,502
1047,1136,1158,1072,565,600,538,503
1068,1155,1175,1092,531,567,506,470
1071,1157,1178,1094,539,574,514,478
1066,1154,1174,1090,505,542,483,446
1043,1130,1152,1069,492,528,468,433
1040,1127,1148,1064,480,516,457,422
1045,1132,1152,1070,461,496,437,403
1055,1139,1161,1080,487,522,462,426
1046,1132,1153,1071,456,492,433,397
1027,1114,1135,1053,435,470,412,378
1035,1120,1141,1060,439,475,418,382
1107,1129,1046,1021,477,419,383,442
1101,1123,1040,1015,470,412,378,436
1105,1126,1044,1019,455,398,363,421
1089,1111,1027,1002,437,380,346,401
1112,1131,1051,1026,448,392,356,413
1084,1106,1022,996,447,389,354,413
1099,1120,1037,1012,448,391,355,413
1086,1108,1023,997,431,375,340,396
1094,1115,1032,1007,444,387,351,409
994,1083,1104,1020,394,429,373,338
1007,1094,1114,1031,407,443,388,352
1023,998,1086,1106,344,398,434,379
1023,998,1086,1106,345,398,434,381
1023,998,1086,1106,346,398,434,382
1002,978,1066,1087,343,395,431,378
1021,997,1085,1104,332,381,417,367
1116,1035,1012,1097,401,364,416,452
1084,1000,975,1063,427,391,442,479
1111,1030,1005,1090,460,422,475,512
1099,1017,993,1081,437,400,447,485
1101,1020,997,1083,461,425,472,509
1108,1027,1005,1091,458,421,468,505
1110,1029,1006,1092,486,448,497,534
1000,1087,1105,1022,476,513,466,429
1019,1102,1121,1041,506,542,494,456
1008,1096,1114,1031,471,508,460,423
1008,1096,1114,1031,473,510,462,425
989,1079,1098,1013,462,498,450,415
1002,1090,1109,1025,473,510,462,425
997,1086,1105,1021,471,507,459,424
1083,997,972,1062,450,416,465,501
1099,1015,991,1079,454,418,468,504
1098,1013,988,1078,454,417,467,504
1093,1008,984,1074,453,417,468,504
1095,1011,988,1077,453,416,465,502
1090,1006,983,1072,458,422,471,507
1078,994,969,1058,471,435,485,521
1061,976,952,1041,462,427,476,512
1056,971,946,1036,465,430,479,515
1054,969,943,1033,468,432,481,518
1053,969,944,1033,469,432,479,517
1061,979,954,1041,486,447,495,534
1057,973,949,1037,465,427,473,512
1069,986,961,1048,476,437,486,525
1078,997,973,1059,468,429,478,518
959,1046,1067,984,470,510,460,422
972,1059,1079,996,460,500,452,413
967,1054,1075,992,465,505,456,418
969,1056,1077,994,464,504,455,417
972,1059,1079,997,462,501,452,413
988,1074,1094,1012,473,512,464,425
993,1079,1099,1017,471,510,461,422
1004,1089,1108,1028,464,503,455,416
977,1065,1085,1002,443,481,434,397
1004,1090,1110,1028,467,506,458,419
1006,1092,1111,1030,445,485,438,399
1016,1100,1119,1040,458,497,449,410
987,1073,1094,1012,456,495,445,407
1006,1091,1110,1031,439,479,431,393
1092,1113,1033,1008,498,450,410,458
1082,1103,1023,997,482,435,395,442
1083,1104,1024,998,480,433,393,440
1101,1120,1041,1017,485,438,398,445
1094,1114,1035,1011,489,440,400,449
1085,1107,1025,1000,496,447,407,456
1010,1093,1113,1034,447,487,439,399
1009,1092,1112,1032,446,486,438,398
1014,1098,1117,1038,439,480,433,392
1005,1090,1109,1029,446,486,438,398
994,1080,1100,1018,433,473,426,387
981,1066,1087,1005,442,481,433,395
1084,1002,977,1064,416,379,424,463
1092,1011,987,1072,427,389,436,476
1099,1019,995,1079,442,403,451,490
1096,1016,992,1076,442,403,451,490
1084,1003,979,1064,429,391,438,478
1090,1009,985,1070,444,405,453,492
1084,1004,980,1066,427,389,434,473
1083,1004,980,1063,451,412,459,497
1078,999,975,1058,452,414,462,500
1066,985,960,1046,439,402,449,487
1064,983,959,1044,440,403,450,488
1069,989,965,1049,457,419,466,504
1045,962,938,1024,451,415,463,500
1050,970,947,1031,446,410,457,494
1052,970,946,1031,469,432,482,519
1037,955,931,1016,457,422,471,508
1036,955,930,1015,459,424,473,509
956,931,1016,1037,425,476,511,460
968,943,1027,1048,419,468,504,454
969,946,1030,1049,421,470,506,456
982,958,1041,1061,436,486,522,471
981,958,1042,1060,419,468,505,455
987,963,1046,1066,441,492,527,476
978,954,1038,1058,432,481,517,467
977,953,1037,1057,435,484,519,469
977,953,1037,1057,437,487,522,471
984,961,1044,1062,435,483,519,469
985,962,1045,1064,454,506,540,488
1055,974,950,1034,498,463,516,551
1049,970,946,1030,475,442,492,526
1047,968,944,1028,474,441,490,524
1025,1044,964,941,520,469,438,488
1032,1051,973,950,530,478,445,497
1021,1040,961,938,534,481,449,502
1025,1044,965,942,520,468,436,487
1021,1040,961,938,514,461,430,482
1010,1029,949,926,520,466,435,489
1007,1026,945,922,517,463,432,486
1011,1030,951,927,504,451,419,473
997,1017,936,913,510,455,425,480
992,1012,932,909,508,452,422,478
1012,933,910,994,439,410,464,494
1006,926,904,988,438,409,463,493
992,911,889,973,448,419,474,503
998,918,895,978,462,433,490,518
984,904,882,966,440,412,467,495
956,874,852,936,439,412,468,495
963,882,860,944,450,423,480,506
963,882,861,945,440,413,468,496
949,867,845,930,450,424,481,507
961,881,860,944,453,425,481,508
956,876,856,940,450,422,477,504
937,953,871,851,501,447,419,474
920,938,855,833,485,431,405,459
926,942,859,839,505,448,422,479
925,941,858,838,501,445,419,476
929,945,864,844,488,432,405,463
910,927,842,822,485,428,402,459
924,941,858,838,495,438,411,470
857,942,958,877,469,495,439,411
840,926,943,860,467,492,434,408
840,928,945,860,466,491,433,407
843,930,946,863,467,492,434,408
844,931,948,863,468,493,436,409
846,933,949,866,469,494,437,410
839,926,944,859,484,509,450,424
848,935,952,867,471,496,437,411
842,930,946,862,448,474,417,391
851,938,954,871,472,497,438,412
852,939,955,872,473,498,439,413
839,926,943,859,460,485,428,403
843,931,947,862,458,483,426,402
840,927,943,860,437,463,407,382
872,957,972,891,457,482,426,399
855,941,958,875,455,481,423,397
841,929,946,861,444,469,412,388
852,939,956,871,468,493,434,409
871,958,973,890,443,469,412,386
872,959,974,891,444,470,414,388
898,879,967,980,382,436,463,408
895,875,962,977,392,448,474,418
888,868,955,972,405,463,488,430
912,894,979,994,407,463,490,434
882,969,985,902,452,479,422,395
874,962,979,894,464,491,433,406
883,971,986,902,452,480,423,396
876,964,981,896,464,491,433,406
